,Unnamed: 0,ST_CODE,State_name,Month,Year,PC_Number,PC_name,PC_Type,MP_Name,Sex,Category,Age,Party,Total_voters,Total_Electors,POLL_PERCENTAGE,lat,long,color
0,0,S01,Andhra Pradesh,5,2014,1,Adilabad ,ST,GODAM NAGESH,M,ST,49,TRS,1055593,1386282,76.15,19.6759452,78.5339895,olivedrab
1,1,S01,Andhra Pradesh,5,2014,2,Peddapalle ,SC,BALKA SUMAN,M,SC,31,TRS,1025194,1425355,71.93,17.5619842,82.8327333,olivedrab
2,2,S01,Andhra Pradesh,5,2014,3,Karimnagar ,GEN,VINOD KUMAR BOINAPALLY,M,GEN,54,TRS,1127225,1550810,72.69,18.4346438,79.1322648,olivedrab
3,3,S01,Andhra Pradesh,5,2014,4,Nizamabad,GEN,KALVAKUNTLA KAVITHA,F,GEN,36,TRS,1034032,1496193,69.11,18.6732693,78.0978477,olivedrab
4,4,S01,Andhra Pradesh,5,2014,5,Zahirabad,GEN,B.B. PATIL,M,GEN,58,TRS,1099784,1445354,76.09,18.0472727,80.19279736,olivedrab
5,5,S01,Andhra Pradesh,5,2014,6,Medak,GEN,KALVAKUNTLA CHANDRASEKHAR RAO,M,GEN,60,TRS,1193548,1536166,77.69,18.0458792,78.2651993,olivedrab
6,6,S01,Andhra Pradesh,5,2014,7,Malkajgiri,GEN,CH.MALLA REDDY,M,GEN,56,TDP,1624859,3183083,51.05,17.4511764,78.5368997,darkkhaki
7,7,S01,Andhra Pradesh,5,2014,8,Secundrabad,GEN,BANDARU DATTATREYA,M,GEN,66,BJP,1004763,1893741,53.06,17.4020163,78.5597253,orange
8,8,S01,Andhra Pradesh,5,2014,9,Hyderabad,GEN,ASADUDDIN OWAISI,M,GEN,43,AIMIM,971770,1823217,53.3,17.3616079,78.4746286,orchid
9,9,S01,Andhra Pradesh,5,2014,11,Mahbubnagar,GEN,AP JITHENDER REDDY,M,GEN,60,TRS,1015520,1418668,71.58,16.7434697,77.9923773,olivedrab
10,10,S01,Andhra Pradesh,5,2014,12,Nagarkurnool,SC,YELLAIAH NANDI,M,SC,71,INC,1116159,1477305,75.55,16.4870296,78.3169003,black
11,11,S01,Andhra Pradesh,5,2014,13,Nalgonda,GEN,GUTHA SUKHENDER REDDY,M,GEN,60,INC,1191667,1494343,79.75,17.0504406,79.2669235,black
12,12,S01,Andhra Pradesh,5,2014,14,Bhongir ,GEN,DR. BOORA NARSAIAH GOUD,M,GEN,55,TRS,1212738,1492240,81.27,17.5172789,78.8863383,olivedrab
13,13,S01,Andhra Pradesh,5,2014,15,Warangal,SC,KADIYAM SRIHARI,M,SC,63,TRS,1176653,1537778,76.52,17.9899747,79.6043994,olivedrab
14,14,S01,Andhra Pradesh,5,2014,16,Mahabubabad  ,ST,PROF. AZMEERA SEETARAM NAIK,M,ST,56,TRS,1126618,1387288,81.21,17.5958344,79.9998269,olivedrab
15,15,S01,Andhra Pradesh,5,2014,17,Khammam ,GEN,PONGULETI  SRINIVASA REDDY,M,GEN,48,YSRCP,1188875,1440267,82.55,17.2465351,80.1500326,greenyellow
16,16,S01,Andhra Pradesh,5,2014,19,Srikakulam,GEN,RAMMOHAN NAIDU KINJARAPU,M,GEN,27,TDP,1054640,1413726,74.6,18.2949396,83.893875,darkkhaki
17,17,S01,Andhra Pradesh,5,2014,20,Vizianagaram,GEN,ASHOK GAJAPATHI RAJU PUSAPATI,M,GEN,62,TDP,1125615,1403736,80.19,18.1154979,83.3978806,darkkhaki
18,18,S01,Andhra Pradesh,5,2014,21,Visakhapatnam,GEN,KAMBHAMPATI HARI BABU,M,GEN,60,BJP,1163582,1723011,67.53,17.7231276,83.3012842,orange
19,19,S01,Andhra Pradesh,5,2014,22,Anakapalli,GEN,MUTTAMSETTI SRINIVASA RAO (AVANTHI),M,GEN,47,TDP,1149326,1401474,82.01,17.6858653,82.9884187,darkkhaki
20,20,S01,Andhra Pradesh,5,2014,23,Kakinada,GEN,THOTA NARASIMHAM,M,GEN,53,TDP,1101730,1418290,77.68,16.9437385,82.2350607,darkkhaki
21,21,S01,Andhra Pradesh,5,2014,24,Amalapuram ,SC,DR PANDULA RAVINDRA BABU,M,SC,58,TDP,1121986,1357865,82.63,16.5777179,82.0032621,darkkhaki
22,22,S01,Andhra Pradesh,5,2014,25,Rajahmundry,GEN,MURALI MOHAN MAGANTI,M,GEN,73,TDP,1156626,1421276,81.38,17.0050454,81.7804732,darkkhaki
23,23,S01,Andhra Pradesh,5,2014,26,Narsapuram,GEN,GOKARAJU GANGA RAJU,M,GEN,69,BJP,1089102,1325028,82.19,17.4453781,82.9103236,orange
24,24,S01,Andhra Pradesh,5,2014,27,Eluru ,GEN,MAGANTI VENKATESWARA RAO (BABU),M,GEN,54,TDP,1203236,1427764,84.27,16.7104257,81.1153816,darkkhaki
25,25,S01,Andhra Pradesh,5,2014,28,Machilipatnam ,GEN,KONAKALLA NARAYANA RAO,M,GEN,64,TDP,1143048,1369311,83.48,16.1819393,81.1351299,darkkhaki
26,26,S01,Andhra Pradesh,5,2014,29,Vijayawada,GEN,KESINENI SRINIVAS (NANI),M,GEN,48,TDP,1198985,1564513,76.64,16.5087586,80.6185102,darkkhaki
27,27,S01,Andhra Pradesh,5,2014,30,Guntur,GEN,JAYADEV GALLA,M,GEN,48,TDP,1246775,1572017,79.31,16.2915189,80.4541588,darkkhaki
28,28,S01,Andhra Pradesh,5,2014,31,Narasaraopet,GEN,SAMBASIVA RAO RAYAPATI,M,GEN,70,TDP,1282831,1514861,84.68,16.2359592,80.054059,darkkhaki
29,29,S01,Andhra Pradesh,5,2014,32,Bapatla ,SC,MALYADRI SRIRAM,M,SC,60,TDP,1186250,1392964,85.16,15.9052608,80.4680501,darkkhaki
30,30,S01,Andhra Pradesh,5,2014,33,Ongole ,GEN,Y.V.SUBBA REDDY,M,GEN,53,YSRCP,1208904,1470212,82.23,15.5058714,80.0499454,greenyellow
31,31,S01,Andhra Pradesh,5,2014,34,Nandyal,GEN,S.P.Y REDDY,M,GEN,64,YSRCP,1209680,1576945,76.71,15.4736293,78.4806592,greenyellow
32,32,S01,Andhra Pradesh,5,2014,35,Kurnool,GEN,BUTTA RENUKA,F,GEN,42,YSRCP,1068070,1481791,72.08,15.8309251,78.0425373,greenyellow
33,33,S01,Andhra Pradesh,5,2014,36,Anantapur,GEN,J.C. DIVAKAR REDDI,M,GEN,70,TDP,1212195,1536894,78.87,14.55,77.416667,darkkhaki
34,34,S01,Andhra Pradesh,5,2014,37,Hindupur,GEN,KRISTAPPA NIMMALA,M,GEN,57,TDP,1179270,1446496,81.53,13.826383,77.4937723,darkkhaki
35,35,S01,Andhra Pradesh,5,2014,38,Kadapa,GEN,Y.S. AVINASH REDDY,M,GEN,29,YSRCP,1201120,1550440,77.47,14.4671491,78.8228877,greenyellow
36,36,S01,Andhra Pradesh,5,2014,39,Nellore,GEN,MEKAPATI RAJAMOHAN REDDY,M,GEN,69,YSRCP,1188861,1606127,74.02,14.4493717,79.9873763,greenyellow
37,37,S01,Andhra Pradesh,5,2014,40,Tirupati ,SC,VARAPRASAD RAO VELAGAPALLI,M,SC,61,YSRCP,1214363,1574161,77.14,13.6316368,79.4231711,greenyellow
38,38,S01,Andhra Pradesh,5,2014,41,Rajampet,GEN,P.V.MIDHUN REDDY,M,GEN,36,YSRCP,1161241,1487791,78.05,14.1935867,79.1585757,greenyellow
39,39,S01,Andhra Pradesh,5,2014,42,Chittoor ,SC,NARAMALLI SIVAPRASAD,M,SC,62,TDP,1199137,1451851,82.59,13.416667,79,darkkhaki
40,40,S02,Arunachal Pradesh,5,2014,1,ARUNACHAL WEST,GEN,KIREN RIJIJU,M,ST,42,BJP,337671,446640,75.6,28.3641989,94.7586273,orange
41,41,S02,Arunachal Pradesh,5,2014,2,ARUNACHAL EAST,GEN,NINONG ERING,M,ST,55,INC,263157,312704,84.16,28.3641989,94.7586273,black
42,42,S03,Assam,5,2014,1,Karimganj ,SC,RADHESHYAM BISWAS,M,SC,59,AIUDF,887782,1165997,76.14,24.8647214,92.3681114,darkslateblue
43,43,S03,Assam,5,2014,2,Silchar,GEN,SUSHMITA DEV  ,F,GEN,41,INC,800058,1060175,75.46,24.829588,92.797148,black
44,44,S03,Assam,5,2014,4,Dhubri,GEN,BADRUDDIN AJMAL,M,GEN,59,AIUDF,1369722,1550166,88.36,26.0186768,89.9857236,darkslateblue
45,45,S03,Assam,5,2014,5,Kokrajhar,ST,NABA KUMAR SARANIA (HIRA),M,ST,45,IND,1224243,1505472,81.32,26.599464,90.12392107,palevioletred
46,46,S03,Assam,5,2014,6,Barpeta,GEN,SIRAJ UDDIN AJMAL,M,GEN,67,AIUDF,1207044,1430188,84.4,26.3257824,91.0075712,darkslateblue
47,47,S03,Assam,5,2014,7,Gauhati,GEN,BIJOYA CHAKRAVARTY,F,GEN,75,BJP,1512248,1922270,78.67,26.1805978,91.753943,orange
48,48,S03,Assam,5,2014,8,Mangaldoi,GEN,RAMEN DEKA,M,GEN,59,BJP,1233474,1515676,81.38,26.436303,92.0306569,orange
49,49,S03,Assam,5,2014,9,Tezpur,GEN,RAM PRASAD SARMAH,M,GEN,58,BJP,980846,1259568,77.87,26.6229928,92.7976082,orange
50,50,S03,Assam,5,2014,10,Nowgong,GEN,RAJEN GOHAIN ,M,GEN,63,BJP,1230495,1523881,80.75,26.133333,92.666667,orange
51,51,S03,Assam,5,2014,11,Kaliabor,GEN,GOURAV GOGOI,M,GEN,31,INC,1167391,1457219,80.11,26.5387146,92.9292061,black
52,52,S03,Assam,5,2014,12,Jorhat,GEN,KAMAKHYA PRASAD TASA,M,GEN,38,BJP,931568,1189486,78.32,26.7577925,94.2079645,orange
53,53,S03,Assam,5,2014,13,Dibrugarh,GEN,RAMESWAR TELI,M,GEN,43,BJP,891129,1124305,79.26,27.4844597,94.9019447,orange
54,54,S03,Assam,5,2014,14,Lakhimpur,GEN,SARBANANDA SONOWAL,M,ST,52,BJP,1112670,1431080,77.75,27.946309,80.7815166,orange
55,55,S04,Bihar,5,2014,1,Valmiki Nagar,GEN,SATISH CHANDRA DUBEY,M,GEN,39,BJP,900169,1456598,61.8,12.9804404,80.2645577,orange
56,56,S04,Bihar,5,2014,4,Sheohar,GEN,RAMA DEVI,F,GEN,65,BJP,842926,1485801,56.73,26.48729215,85.3202004,orange
57,57,S04,Bihar,5,2014,5,Sitamarhi,GEN,RAM KUMAR SHARMA,M,GEN,50,BLSP,900591,1574914,57.18,26.666667,85.5,papayawhip
58,58,S04,Bihar,5,2014,6,Madhubani,GEN,HUKM DEO NARAYAN YADAV,M,GEN,77,BJP,860469,1627832,52.86,26.7985737,85.40835331,orange
59,59,S04,Bihar,5,2014,7,Jhanjharpur,GEN,BIRENDRA KUMAR CHAUDHARY,M,GEN,60,BJP,941265,1668405,56.42,26.2083769,86.2259759,orange
60,60,S04,Bihar,5,2014,8,Supaul,GEN,RANJEET RANJAN,F,GEN,41,INC,970544,1525583,63.62,26.2795226,86.78994114,black
61,61,S04,Bihar,5,2014,9,Araria,GEN,TASLEEM UDDIN,M,GEN,72,RJD,975813,1587332,61.48,26.26673945,87.35618411,peachpuff
62,62,S04,Bihar,5,2014,10,Kishanganj,GEN,MOHAMMAD ASRARUL HAQUE,M,GEN,67,INC,928499,1438990,64.52,26.248453,87.90089569,black
63,63,S04,Bihar,5,2014,11,Katihar,GEN,TARIQ ANWAR,M,GEN,63,NCP,977833,1446478,67.6,25.5433817,87.5690417,peru
64,64,S04,Bihar,5,2014,12,Purnia,GEN,SANTOSH KUMAR,M,GEN,35,JD(U),1017750,1582626,64.31,25.77835695,87.40609847,pink
65,65,S04,Bihar,5,2014,13,Madhepura,GEN,RAJESH RANJAN @ PAPPU YADAV,M,GEN,46,RJD,1034799,1725693,59.96,25.9174142,86.7915907,peachpuff
66,66,S04,Bihar,5,2014,14,Darbhanga,GEN,KIRTI AZAD,M,GEN,55,BJP,829289,1495445,55.45,26.1569653,85.8995119,orange
67,67,S04,Bihar,5,2014,15,Muzaffarpur,GEN,AJAY NISHAD,M,GEN,45,BJP,948927,1551363,61.17,26.1182898,85.3857888,orange
68,68,S04,Bihar,5,2014,16,Vaishali,GEN,RAMA KISHORE SINGH,M,GEN,51,LJP,925951,1566321,59.12,25.75,85.416667,plum
69,69,S04,Bihar,5,2014,18,Siwan,GEN,OM PRAKASH YADAV,M,GEN,48,BJP,884044,1563860,56.53,26.166667,84.5,orange
70,70,S04,Bihar,5,2014,19,Maharajganj,GEN,"JANARDAN SINGH ""SIGRIWAL""",M,GEN,50,BJP,846833,1642068,51.57,27.55417975,82.96444241,orange
71,71,S04,Bihar,5,2014,24,Begusarai,GEN,BHOLA SINGH,M,GEN,75,BJP,1078133,1778759,60.61,25.5,86.25,orange
72,72,S04,Bihar,5,2014,25,Khagaria,GEN,CHOUDHARY MAHBOOB ALI KAISER,M,GEN,47,LJP,896310,1506587,59.49,25.49224065,86.69561901,plum
73,73,S04,Bihar,5,2014,26,Bhagalpur,GEN,SHAILESH KUMAR URPH BULO MANDAL,M,GEN,38,RJD,974187,1685339,57.8,25.2494829,86.9828131,peachpuff
74,74,S04,Bihar,5,2014,28,Munger,GEN,VEENA DEVI,F,GEN,41,LJP,914442,1719984,53.17,25,86.25,plum
75,75,S04,Bihar,5,2014,29,Nalanda,GEN,KAUSHLENDRA KUMAR,M,GEN,49,JD(U),921841,1951967,47.23,25.1364914,85.44365465,pink
76,76,S04,Bihar,5,2014,30,Patna Sahib,GEN,SHATRUGHANA SINHA,M,GEN,67,BJP,882768,1946249,45.36,25.585981,85.2306042,orange
77,77,S04,Bihar,5,2014,32,Arrah,GEN,RAJ KUMAR SINGH,M,GEN,61,BJP,893351,1824515,48.96,25.5596879,84.6612934,orange
78,78,S04,Bihar,5,2014,33,Buxar,GEN,ASHWINI KUMAR CHOUBEY,M,GEN,61,BJP,889152,1640671,54.19,25.51231115,84.09988155,orange
79,79,S04,Bihar,5,2014,35,Karakat,GEN,UPENDRA KUSHWAHA,M,GEN,51,BLSP,790361,1580558,50.01,25.1691,84.296,papayawhip
80,80,S04,Bihar,5,2014,37,Aurangabad,GEN,SUSHIL KUMAR SINGH,M,GEN,48,BJP,786342,1536153,51.19,24.75,84.5,orange
81,81,S04,Bihar,5,2014,39,Nawada,GEN,GIRIRAJ SINGH,M,GEN,61,BJP,884474,1694895,52.18,24.75,85.5,orange
82,82,S05,Goa,5,2014,1,North Goa,GEN,SHRIPAD YESSO NAIK,M,GEN,61,BJP,406945,515441,78.95,15.5384263,73.82197128,orange
83,83,S05,Goa,5,2014,2,South Goa,GEN,ADV. NARENDRA KESHAV SAWAIKAR,M,GEN,47,BJP,410495,545336,75.27,15.1163849,73.94857188,orange
84,84,S06,Gujarat,5,2014,1,Kachchh,SC,CHAVDA VINOD LAKHAMASHI,M,SC,35,BJP,947525,1533782,61.78,23.583333,70,orange
85,85,S06,Gujarat,5,2014,3,Patan,GEN,LILADHARBHAI KHODAJI VAGHELA,M,GEN,80,BJP,956616,1628641,58.74,27.672903,85.326538,orange
86,86,S06,Gujarat,5,2014,4,Mahesana,GEN,PATEL JAYSHREEBEN KANUBHAI,F,GEN,55,BJP,1004295,1498219,67.03,23.666667,72.5,orange
87,87,S06,Gujarat,5,2014,5,Sabarkantha,GEN,RATHOD DIPSINH SHANKARSINH,M,GEN,62,BJP,1095863,1615840,67.82,24.0294885,73.0459884,orange
88,88,S06,Gujarat,5,2014,6,Gandhinagar,GEN,L.K.ADVANI,M,GEN,86,BJP,1137014,1733972,65.57,23.2232877,72.6492267,orange
89,89,S06,Gujarat,5,2014,7,Ahmedabad East,GEN,PARESH RAWAL,M,GEN,59,BJP,986526,1601832,61.59,23.0216238,72.5797068,orange
90,90,S06,Gujarat,5,2014,8,Ahmedabad West,SC,DR. KIRIT P SOLANKI,M,SC,64,BJP,965560,1534400,62.93,23.0216238,72.5797068,orange
91,91,S06,Gujarat,5,2014,9,Surendranagar,GEN,FATEPARA DEVAJIBHAI GOVINDBHAI,M,GEN,55,BJP,945439,1656657,57.07,22.75,71.666667,orange
92,92,S06,Gujarat,5,2014,10,Rajkot,GEN,KUNDARIYA MOHANBHAI KALYANJIBHAI,M,GEN,62,BJP,1057783,1655717,63.89,22.3045769,70.802161,orange
93,93,S06,Gujarat,5,2014,11,Porbandar,GEN,RADADIYA VITHALBHAI  HANSRAJBHAI,M,GEN,55,BJP,809985,1539223,52.62,21.6409,69.611,orange
94,94,S06,Gujarat,5,2014,12,Jamnagar,GEN,POONAMBEN HEMATBHAI MAADAM,F,GEN,39,BJP,852989,1470952,57.99,22.25,70,orange
95,95,S06,Gujarat,5,2014,13,Junagadh,GEN,CHUDASAMA RAJESHBHAI NARANBHAI,M,GEN,31,BJP,942257,1485543,63.43,21.25,70.333333,orange
96,96,S06,Gujarat,5,2014,14,Amreli,GEN,KACHHADIYA NARANBHAI BHIKHABHAI,M,GEN,58,BJP,809615,1486286,54.47,20.866667,70.75,orange
97,97,S06,Gujarat,5,2014,15,Bhavnagar,GEN,DR. BHARATIBEN DHIRUBHAI SHIYAL,F,GEN,50,BJP,918144,1594531,57.58,21.7718836,72.1416449,orange
98,98,S06,Gujarat,5,2014,16,Anand,GEN,DILIP PATEL,M,GEN,59,BJP,971262,1496859,64.89,22.5584995,72.9625629,orange
99,99,S06,Gujarat,5,2014,17,Kheda,GEN,CHAUHAN DEVUSINH JESINGBHAI (CHAUHAN DEVUSINH),M,GEN,49,BJP,957464,1599476,59.86,22.75,72.833333,orange
100,100,S06,Gujarat,5,2014,19,Dahod,ST,JASVANTSINH SUMANBHAI BHABHOR,M,ST,47,BJP,901435,1411765,63.85,22.8358542,74.2556782,orange
101,101,S06,Gujarat,5,2014,20,Vadodara,GEN,NARENDRA MODI,M,GEN,63,BJP,1162168,1638321,70.94,22.297076,73.1957373,orange
102,102,S06,Gujarat,5,2014,21,Chhota Udaipur,ST,RAMSINH RATHWA,M,ST,62,BJP,1101623,1536305,71.71,22.3048651,74.0126114,orange
103,103,S06,Gujarat,5,2014,22,Bharuch,GEN,VASAVA MANSUKHBHAI DHANJIBHAI,M,ST,56,BJP,1061060,1417548,74.85,21.75,73,orange
104,104,S06,Gujarat,5,2014,23,Bardoli,ST,VASAVA PARBHUBHAI NAGARBHAI,M,ST,44,BJP,1209609,1614106,74.94,21.1220023,73.1135988,orange
105,105,S06,Gujarat,5,2014,24,Surat,GEN,DARSHANA VIKRAM JARDOSH,F,GEN,53,BJP,948383,1484068,63.9,21.1864607,72.8081281,orange
106,106,S06,Gujarat,5,2014,25,Navsari,GEN,C. R. PATIL,M,GEN,59,BJP,1161476,1764622,65.82,20.952407,72.9323831,orange
107,107,S06,Gujarat,5,2014,26,Valsad,ST,DR. K.C.PATEL,M,ST,65,BJP,1123182,1512061,74.28,20.5,73.083333,orange
108,108,S07,Haryana,5,2014,1,Ambala,SC,RATTAN LAL KATARIA,M,SC,62,BJP,1220125,1692424,72.09,30.3843674,76.770421,orange
109,109,S07,Haryana,5,2014,2,Kurukshetra,GEN,RAJ KUMAR SAINI,M,GEN,60,BJP,1136173,1498459,75.82,30,76.75,orange
110,110,S07,Haryana,5,2014,3,Sirsa,SC,CHARANJEET SINGH RORI,M,SC,43,INLD,1279271,1660557,77.04,29.583333,75.083333,chocolate
111,111,S07,Haryana,5,2014,4,Hisar,GEN,DUSHYANT CHAUTALA,M,GEN,26,INLD,1156805,1517606,76.23,29.168807,75.7461103,chocolate
112,112,S07,Haryana,5,2014,5,Karnal,GEN,ASHWINI KUMAR,M,GEN,57,BJP,1193697,1684321,70.87,29.6803266,76.9896254,orange
113,113,S07,Haryana,5,2014,6,Sonipat,GEN,RAMESH CHANDER,M,GEN,54,BJP,986521,1417188,69.61,29.05587195,76.89536928,orange
114,114,S07,Haryana,5,2014,7,Rohtak,GEN,DEEPENDER SINGH HOODA,M,GEN,36,INC,1045723,1567508,66.71,28.833333,76.666667,black
115,115,S07,Haryana,5,2014,9,Gurgaon,GEN,INDERJIT SINGH RAO,M,GEN,64,BJP,1320647,1844906,71.58,28.4646148,77.0299194,orange
116,116,S07,Haryana,5,2014,10,Faridabad,GEN,KRISHAN PAL,M,GEN,57,BJP,1130932,1740352,64.98,28.402837,77.3085626,orange
117,117,S08,Himachal Pradesh,5,2014,1,Kangra,GEN,SHANTA KUMAR,M,GEN,79,BJP,799926,1258601,63.56,32.166667,76.25,orange
118,118,S08,Himachal Pradesh,5,2014,2,Mandi,GEN,RAM SWAROOP SHARMA,M,GEN,55,BJP,726482,1150408,63.15,31.6451913,76.99529474,orange
119,119,S08,Himachal Pradesh,5,2014,3,Hamirpur,GEN,ANURAG SINGH THAKUR,M,GEN,39,BJP,835744,1247699,66.98,25.7875002,79.82354027,orange
120,120,S08,Himachal Pradesh,5,2014,4,Shimla,SC,VIRENDER KASHYAP,M,SC,63,BJP,738047,1153363,63.99,31.1041526,77.1709729,orange
121,121,S09,Jammu & Kashmir,5,2014,1,Baramulla,GEN,MUZAFFAR HUSSAIN BAIG,M,GEN,67,JKPDP,466039,1190766,39.14,34.2086903,74.343498,purple
122,122,S09,Jammu & Kashmir,5,2014,2,Srinagar,GEN,TARIQ HAMEED KARRA,M,GEN,58,JKPDP,312245,1207230,25.86,34.0747444,74.8204443,purple
123,123,S09,Jammu & Kashmir,5,2014,3,Anantnag,GEN,MEHBOOBA MUFTI,F,GEN,54,JKPDP,375281,1301143,28.84,33.7366359,75.1457394,purple
124,124,S09,Jammu & Kashmir,5,2014,4,Ladakh,GEN,THUPSTAN CHHEWANG,M,ST,67,BJP,119068,166763,71.4,34.00530145,77.32349817,orange
125,125,S09,Jammu & Kashmir,5,2014,5,Udhampur,GEN,DR. JITENDRA SINGH,M,GEN,57,BJP,1042375,1469072,70.95,32.9219726,75.1331482,orange
126,126,S09,Jammu & Kashmir,5,2014,6,Jammu,GEN,JUGAL KISHORE,M,GEN,51,BJP,1256529,1848155,67.99,32.7185614,74.8580917,orange
127,127,S10,Karnataka,5,2014,1,Chikkodi,GEN,PRAKASH BABANNA HUKKERI,M,GEN,67,INC,1071495,1442206,74.3,16.4265276,74.5861323,black
128,128,S10,Karnataka,5,2014,2,Belgaum,GEN,ANGADI SURESH CHANNABASAPPA,M,GEN,58,BJP,1078982,1580895,68.25,15.8572666,74.5069343,orange
129,129,S10,Karnataka,5,2014,3,Bagalkot,GEN,GADDIGOUDAR PARVTAGOUDA CHANDANAGOUDA,M,GEN,61,BJP,1079324,1568633,68.81,16.1853166,75.6967919,orange
130,130,S10,Karnataka,5,2014,4,Bijapur,SC,RAMESH JIGAJINAGI,M,SC,64,BJP,966797,1622635,59.58,16.8269911,75.7175387,orange
131,131,S10,Karnataka,5,2014,5,Gulbarga,SC,MALLIKARJUN KHARGE,M,SC,72,INC,998086,1721990,57.96,17.3310003,76.8334228,black
132,132,S10,Karnataka,5,2014,6,Raichur,ST,B.V.NAYAK,M,ST,48,INC,969047,1661606,58.32,16.083333,77.166667,black
133,133,S10,Karnataka,5,2014,8,Koppal,GEN,KARADI SANGANNA AMARAPPA,M,GEN,59,BJP,1007430,1535105,65.63,15.3484144,76.1547421,orange
134,134,S10,Karnataka,5,2014,9,Bellary,ST,B. SREERAMULU,M,ST,43,BJP,1045913,1487945,70.29,15.1467299,76.9125211,orange
135,135,S10,Karnataka,5,2014,10,Haveri,GEN,UDASI SHIVAKUMAR CHANNABASAPPA,M,GEN,47,BJP,1116368,1558749,71.62,14.7874825,75.3996731,orange
136,136,S10,Karnataka,5,2014,11,Dharwad,GEN,PRALHAD JOSHI,M,GEN,51,BJP,1041470,1578125,65.99,15.4540505,75.0066516,orange
137,137,S10,Karnataka,5,2014,12,Uttara Kannada,GEN,ANANTKUMAR HEGDE,M,GEN,46,BJP,1001470,1450599,69.04,14.883333,74.583333,orange
138,138,S10,Karnataka,5,2014,13,Davanagere,GEN,G M SIDDESHWARA,M,GEN,61,BJP,1115132,1522712,73.23,14.4661266,75.9206361,orange
139,139,S10,Karnataka,5,2014,14,Shimoga,GEN,B. S. YEDDYURAPPA,M,GEN,71,BJP,1130364,1562243,72.36,13.9311723,75.569737,orange
140,140,S10,Karnataka,5,2014,17,Dakshina Kannada,GEN,NALIN KUMAR KATEEL,M,GEN,48,BJP,1207583,1565219,77.15,12.9324457,74.9813132,orange
141,141,S10,Karnataka,5,2014,18,Chitradurga,SC,B.N.CHANDRAPPA,M,SC,58,INC,1097666,1661277,66.07,14.2266443,76.4005122,black
142,142,S10,Karnataka,5,2014,19,Tumkur,GEN,MUDDAHANUMEGOWDA.S.P.,M,GEN,59,INC,1102012,1518518,72.57,13.4999406,77.0002445,black
143,143,S10,Karnataka,5,2014,20,Mandya,GEN,C.S.PUTTARAJU,M,GEN,50,JD(S),1193041,1669262,71.47,12.5238888,76.8961961,red
144,144,S10,Karnataka,5,2014,21,Mysore,GEN,PRATHAP SIMHA,M,GEN,37,BJP,1159628,1723134,67.3,12.3051828,76.6553609,orange
145,145,S10,Karnataka,5,2014,22,Chamarajanagar,SC,R. DHRUVANARAYANA,M,SC,53,INC,1133326,1555781,72.85,11.95149995,77.10654169,black
146,146,S10,Karnataka,5,2014,23,Bangalore Rural,GEN,D K SURESH,M,GEN,47,INC,1455610,2190398,66.45,13.0010872,77.3361225,black
147,147,S10,Karnataka,5,2014,24,Bangalore North,GEN,D.V SADANANDA GOWDA,M,GEN,61,BJP,1357553,2401472,56.53,12.9791198,77.5912997,orange
148,148,S10,Karnataka,5,2014,25,Bangalore central,GEN,P.C. MOHAN,M,GEN,50,BJP,1074602,1931456,55.64,12.97339325,77.61123427,orange
149,149,S10,Karnataka,5,2014,26,Bangalore South,GEN,ANANTH KUMAR,M,GEN,54,BJP,1114359,1998724,55.75,12.9791198,77.5912997,orange
150,150,S10,Karnataka,5,2014,28,Kolar,SC,K.H.MUNIYAPPA,M,SC,67,INC,1127340,1492977,75.51,13.1369996,78.1339606,black
151,151,S11,Kerala,5,2014,1,Kasaragod,GEN,P KARUNAKARAN,M,GEN,69,CPM,975195,1243730,78.41,12.502028,74.9899927,rosybrown
152,152,S11,Kerala,5,2014,2,Kannur,GEN,P K SREEMATHI TEACHER,F,GEN,64,CPM,948572,1170266,81.06,11.8762254,75.3738043,rosybrown
153,153,S11,Kerala,5,2014,3,Vadakara,GEN,MULLAPPALLY RAMACHANDRAN,M,GEN,67,INC,960264,1182504,81.21,11.5970724,75.5903655,black
154,154,S11,Kerala,5,2014,4,Wayanad,GEN,M I SHANAVAS,M,GEN,62,INC,915138,1249420,73.25,11.715219,76.11912512,black
155,155,S11,Kerala,5,2014,5,Kozhikode,GEN,M .K RAGHAVAN,M,GEN,61,INC,943227,1182484,79.77,11.2446144,75.7759372,black
156,156,S11,Kerala,5,2014,6,Malappuram,GEN,E. AHAMED,M,GEN,76,IUML,853468,1198444,71.21,11.04526665,75.94114889,royalblue
157,157,S11,Kerala,5,2014,7,Ponnani,GEN,E. T. MOHAMMED BASHEER,M,GEN,67,IUML,871595,1180789,73.81,10.7800691,75.9189338,royalblue
158,158,S11,Kerala,5,2014,8,Palakkad,GEN,M B RAJESH,M,GEN,43,CPM,910476,1208726,75.33,10.7691989,76.6512469,rosybrown
159,159,S11,Kerala,5,2014,9,Alathur ,SC,P.K.BIJU,M,SC,39,CPM,928656,1216351,76.35,12.6930151,80.178989,rosybrown
160,160,S11,Kerala,5,2014,10,Thrissur,GEN,C. N. JAYADEVAN,M,GEN,63,CPI,920667,1275288,72.19,10.5256633,76.2131442,saddlebrown
161,161,S11,Kerala,5,2014,11,Chalakudy,GEN,INNOCENT,M,GEN,66,IND,885037,1150497,76.93,10.302391,76.3215544,palevioletred
162,162,S11,Kerala,5,2014,12,Ernakulam,GEN,PROF. K.V. THOMAS,M,GEN,67,INC,850910,1156492,73.58,9.9870993,76.34310135,black
163,163,S11,Kerala,5,2014,13,Idukki,GEN,ADV.JOICE GEORGE,M,GEN,44,IND,820267,1158735,70.79,9.8497872,76.9797914,palevioletred
164,164,S11,Kerala,5,2014,14,Kottayam,GEN,JOSE K. MANI,M,GEN,49,KEC(M),832421,1161465,71.67,9.5916046,76.5221304,salmon
165,165,S11,Kerala,5,2014,15,Alappuzha,GEN,K C VENUGOPAL,M,GEN,51,INC,998656,1271324,78.55,9.46214385,76.28423693,black
166,166,S11,Kerala,5,2014,16,Mavelikkara ,SC,KODIKUNNIL SURESH,M,SC,52,INC,889269,1252668,70.99,9.2504893,76.5402433,black
167,167,S11,Kerala,5,2014,17,Pathanamthitta,GEN,ANTO ANTONY,M,GEN,57,INC,871251,1323906,65.81,9.2655337,76.7871514,black
168,168,S11,Kerala,5,2014,18,Kollam,GEN,N.K.PREMACHANDRAN,M,GEN,53,RSP,879228,1219415,72.1,8.8870537,76.5907058,sandybrown
169,169,S11,Kerala,5,2014,19,Attingal,GEN,DR.A .SAMPATH,M,GEN,51,CPM,859365,1251398,68.67,8.6960538,76.814869,rosybrown
170,170,S11,Kerala,5,2014,20,Thiruvananthapuram,GEN,DR. SHASHI THAROOR,M,GEN,58,INC,873462,1272748,68.63,8.5058909,76.9570481,black
171,171,S12,Madhya Pradesh,5,2014,1,MORENA,GEN,ANOOP MISHRA,M,GEN,57,BJP,854281,1702457,50.18,26.166667,77.5,orange
172,172,S12,Madhya Pradesh,5,2014,2,BHIND,SC,DR. BHAGIRATH PRASAD,M,SC,66,BJP,729367,1600137,45.58,26.5,78.75,orange
173,173,S12,Madhya Pradesh,5,2014,3,GWALIOR,GEN,NARENDRA SINGH TOMAR,M,GEN,56,BJP,991071,1876965,52.8,26.2037247,78.1573628,orange
174,174,S12,Madhya Pradesh,5,2014,4,GUNA,GEN,JYOTIRADITYA M SCINDIA,M,GEN,42,INC,977619,1605613,60.89,24.5,77.5,black
175,175,S12,Madhya Pradesh,5,2014,5,SAGAR,GEN,LAXMI NARAYAN YADAV,M,GEN,73,BJP,892000,1520322,58.67,23.8417793,78.7466817,orange
176,176,S12,Madhya Pradesh,5,2014,6,TIKAMGARH,SC,DR. VIRENDRA KUMAR,M,SC,60,BJP,766878,1528863,50.16,24.75,79,orange
177,177,S12,Madhya Pradesh,5,2014,7,DAMOH,GEN,PRAHALAD SINGH PATEL,M,GEN,54,BJP,913868,1651614,55.33,23.75,79.583333,orange
178,178,S12,Madhya Pradesh,5,2014,8,KHAJURAHO,GEN,NAGENDRA SINGH,M,GEN,72,BJP,874531,1702833,51.36,24.8515132,79.9259786,orange
179,179,S12,Madhya Pradesh,5,2014,9,SATNA,GEN,GANESH SINGH,M,GEN,51,BJP,913451,1458381,62.63,24.5,81,orange
180,180,S12,Madhya Pradesh,5,2014,10,REWA,GEN,JANARDAN MISHRA,M,GEN,58,BJP,830192,1544719,53.74,24.75,81.5,orange
181,181,S12,Madhya Pradesh,5,2014,11,SIDHI,GEN,RITI PATHAK,F,GEN,36,BJP,989576,1736048,57,24.25,82,orange
182,182,S12,Madhya Pradesh,5,2014,12,SHAHDOL,ST,DALPAT SINGH PARASTE,M,ST,61,BJP,969116,1561016,62.08,23.5,81.5,orange
183,183,S12,Madhya Pradesh,5,2014,13,JABALPUR,GEN,RAKESH SINGH,M,GEN,53,BJP,1002210,1711621,58.55,23.1608938,79.9497702,orange
184,184,S12,Madhya Pradesh,5,2014,14,MANDLA,ST,FAGGAN SINGH KULASTE,M,ST,54,BJP,1218661,1824702,66.79,22.5986352,80.3713545,orange
185,185,S12,Madhya Pradesh,5,2014,15,BALAGHAT,GEN,BODHSINGH BHAGAT,M,GEN,58,BJP,1113381,1629741,68.32,21.8133417,80.1916685,orange
186,186,S12,Madhya Pradesh,5,2014,16,CHHINDWARA,GEN,KAMAL NATH,M,GEN,67,INC,1107631,1402038,79,22.116667,78.8,black
187,187,S12,Madhya Pradesh,5,2014,17,HOSHANGABAD,GEN,UDAY PRATAP SINGH,M,GEN,49,BJP,1031823,1568206,65.8,22.6503147,77.7509281,orange
188,188,S12,Madhya Pradesh,5,2014,18,VIDISHA,GEN,SUSHMA SWARAJ,F,GEN,62,BJP,1073781,1634039,65.71,23.916667,78,orange
189,189,S12,Madhya Pradesh,5,2014,19,BHOPAL,GEN,ALOK SANJAR,M,GEN,50,BJP,1130281,1957241,57.75,23.2530923,77.3962718,orange
190,190,S12,Madhya Pradesh,5,2014,20,RAJGARH,GEN,RODMAL NAGAR,M,GEN,53,BJP,1010811,1578757,64.03,23.833333,76.75,orange
191,191,S12,Madhya Pradesh,5,2014,21,DEWAS,SC,MANOHAR UNTWAL,M,SC,47,BJP,1144151,1617111,70.75,23,76.166667,orange
192,192,S12,Madhya Pradesh,5,2014,22,UJJAIN,SC,PROF. CHINTAMANI MALVIYA,M,SC,44,BJP,1016415,1525481,66.63,23.174597,75.7851423,orange
193,193,S12,Madhya Pradesh,5,2014,24,RATLAM,ST,DILEEPSINGH BHURIA,M,ST,68,BJP,1083131,1702576,63.62,23.583333,75.166667,orange
194,194,S12,Madhya Pradesh,5,2014,25,DHAR,ST,SAVITRI THAKUR,F,ST,35,BJP,1077052,1668441,64.55,22.5,75.25,orange
195,195,S12,Madhya Pradesh,5,2014,26,INDORE,GEN,SUMITRA MAHAJAN (TAI),F,GEN,70,BJP,1317016,2115303,62.26,22.7203851,75.8682103,orange
196,196,S12,Madhya Pradesh,5,2014,27,KHARGONE,ST,SUBHASH PATEL,M,ST,36,BJP,1152674,1703272,67.67,21.8187743,75.6064577,orange
197,197,S12,Madhya Pradesh,5,2014,28,KHANDWA,GEN,NANDKUMAR SINGH CHOUHAN (NANDU BHAIYA),M,GEN,55,BJP,1257711,1759417,71.48,21.8205346,76.3568299,orange
198,198,S12,Madhya Pradesh,5,2014,29,BETUL,ST,JYOTI DHURVE,F,ST,47,BJP,1047827,1607831,65.17,21.833333,77.833333,orange
199,199,S13,Maharashtra,5,2014,1,Nandurbar ,ST,DR.GAVIT HEENA VIJAYKUMAR,F,ST,26,BJP,1117024,1672943,66.77,21.363778,74.2411418,orange
200,200,S13,Maharashtra,5,2014,2,Dhule,GEN,DR. BHAMRE SUBHASH RAMRAO,M,GEN,61,BJP,983116,1675367,58.68,20.898,74.7732,orange
201,201,S13,Maharashtra,5,2014,3,Jalgaon,GEN,A.T. NANA PATIL,M,GEN,52,BJP,990604,1707969,58,21.0137606,75.5627048,orange
202,202,S13,Maharashtra,5,2014,4,Raver,GEN,KHADASE RAKSHA NIKHIL,F,GEN,26,BJP,1011417,1593389,63.48,21.2469,76.036,orange
203,203,S13,Maharashtra,5,2014,5,Buldhana,GEN,JADHAV PRATAPRAO GANPATRAO,M,GEN,53,SHS,978876,1595435,61.35,20.583333,76.416667,seagreen
204,204,S13,Maharashtra,5,2014,6,Akola,GEN,DHOTRE SANJAY SHAMRAO,M,GEN,55,BJP,978630,1672643,58.51,20.76697255,77.25412753,orange
205,205,S13,Maharashtra,5,2014,7,Amravati ,SC,ADSUL ANANDRAO VITHOBA,M,SC,66,SHS,1004542,1612739,62.29,21.0857492,77.666978,seagreen
206,206,S13,Maharashtra,5,2014,8,Wardha,GEN,RAMDAS CHANDRABHANJI TADAS,M,GEN,62,BJP,1013608,1564552,64.79,20.4355888,78.6463504,orange
207,207,S13,Maharashtra,5,2014,9,Ramtek ,SC,KRUPAL BALAJI TUMANE,M,SC,48,SHS,1050640,1677266,62.64,21.3957522,79.3257474,seagreen
208,208,S13,Maharashtra,5,2014,10,Nagpur ,GEN,GADKARI NITIN JAIRAM,M,GEN,56,BJP,1085765,1900784,57.12,21.1500964,79.0127049,orange
209,209,S13,Maharashtra,5,2014,13,Chandrapur,GEN,AHIR HANSRAJ GANGARAM,M,GEN,59,BJP,1109888,1753690,63.29,20,80,orange
210,210,S13,Maharashtra,5,2014,14,Yavatmal-Washim,GEN,GAWALI BHAVANA PUNDLIKRAO,F,GEN,41,SHS,1033402,1755292,58.87,20.1028999,77.1480619,seagreen
211,211,S13,Maharashtra,5,2014,15,Hingoli ,GEN,RAJEEV SHANKARRAO SATAV,M,GEN,39,INC,1051477,1586194,66.29,19.536427,77.21804148,black
212,212,S13,Maharashtra,5,2014,16,Nanded,GEN,ASHOK SHANKARRAO CHAVAN,M,GEN,55,INC,1014020,1687057,60.11,18.916667,77.5,black
213,213,S13,Maharashtra,5,2014,17,Parbhani,GEN,JADHAV SANJAY (BANDU) HARIBHAU,M,GEN,47,SHS,1162371,1803792,64.44,19.262469,76.7718,seagreen
214,214,S13,Maharashtra,5,2014,18,Jalna,GEN,DANVE RAOSAHEB DADARAO,M,GEN,60,BJP,1066375,1612056,66.15,19.96549,75.82704636,orange
215,215,S13,Maharashtra,5,2014,19,Aurangabad,GEN,CHANDRAKANT BHAURAO KHAIRE,M,GEN,62,SHS,983057,1589395,61.85,24.75,84.5,seagreen
216,216,S13,Maharashtra,5,2014,20,Dindori ,ST,CHAVAN HARISHCHANDRA DEORAM,M,ST,62,BJP,970316,1530208,63.41,22.9446796,81.0774969,orange
217,217,S13,Maharashtra,5,2014,21,Nashik,GEN,GODSE HEMANT TUKARAM,M,GEN,43,SHS,937600,1593774,58.83,20.216667,74.083333,seagreen
218,218,S13,Maharashtra,5,2014,22,Palghar ,ST,ADV. CHINTAMAN NAVASHA WANGA,M,ST,63,BJP,992770,1578149,62.91,19.6978751,72.7686942,orange
219,219,S13,Maharashtra,5,2014,23,Bhiwandi,GEN,KAPIL MORESHWAR PATIL,M,GEN,53,BJP,875814,1696584,51.62,19.3025562,73.0588072,orange
220,220,S13,Maharashtra,5,2014,24,Kalyan,GEN,DR.SHRIKANT EKNATH SHINDE,M,GEN,27,SHS,825414,1922034,42.94,19.2431167,73.14030654,seagreen
221,221,S13,Maharashtra,5,2014,25,Thane,GEN,VICHARE RAJAN BABURAO,M,GEN,52,SHS,1054575,2073251,50.87,19.1943294,72.9701779,seagreen
222,222,S13,Maharashtra,5,2014,26,Mumbai North,GEN,GOPAL CHINAYYA SHETTY,M,GEN,60,BJP,946717,1783870,53.07,18.9387711,72.8353355,orange
223,223,S13,Maharashtra,5,2014,27,Mumbai North West,GEN,GAJANAN CHANDRAKANT KIRTIKAR,M,GEN,70,SHS,897871,1775416,50.57,18.9387711,72.8353355,seagreen
224,224,S13,Maharashtra,5,2014,28,Mumbai North East,GEN,KIRIT  SOMAIYA,M,GEN,60,BJP,862522,1668357,51.7,18.9387711,72.8353355,orange
225,225,S13,Maharashtra,5,2014,29,Mumbai North central,GEN,POONAM MAHAJAN ALIAS POONAM VAJENDLA RAO,F,GEN,33,BJP,845455,1737084,48.67,18.9387711,72.8353355,orange
226,226,S13,Maharashtra,5,2014,30,Mumbai South central,GEN,RAHUL RAMESH SHEWALE,M,GEN,41,SHS,768750,1447886,53.09,18.9387711,72.8353355,seagreen
227,227,S13,Maharashtra,5,2014,31,Mumbai   South,GEN,ARVIND SAWANT,M,GEN,62,SHS,779859,1485844,52.49,18.9387711,72.8353355,seagreen
228,228,S13,Maharashtra,5,2014,32,Raigad,GEN,ANANT GEETE,M,GEN,63,SHS,988192,1532781,64.47,18.55943895,73.00043484,seagreen
229,229,S13,Maharashtra,5,2014,33,Maval,GEN,APPA ALIAS SHRIRANG CHANDU BARNE,M,GEN,50,SHS,1174380,1953741,60.11,24.4318426,72.7116413,seagreen
230,230,S13,Maharashtra,5,2014,34,Pune,GEN,ANIL SHIROLE,M,GEN,63,BJP,993966,1835835,54.14,18.5203062,73.8543185,orange
231,231,S13,Maharashtra,5,2014,35,Baramati,GEN,SUPRIYA SULE,F,GEN,44,NCP,1066963,1813553,58.83,18.1478834,74.5733979,peru
232,232,S13,Maharashtra,5,2014,36,Shirur,GEN,ADHALRAO SHIVAJI DATTATREY,M,GEN,59,SHS,1089573,1824112,59.73,18.8265886,74.3725252,seagreen
233,233,S13,Maharashtra,5,2014,37,Ahmadnagar ,GEN,GANDHI DILIPKUMAR MANSUKHLAL,M,GEN,64,BJP,1062780,1705005,62.33,19.25,74.75,orange
234,234,S13,Maharashtra,5,2014,38,Shirdi,SC,LOKHANDE SADASHIV KISAN,M,SC,52,SHS,932893,1462267,63.8,19.7668121,74.4754386,seagreen
235,235,S13,Maharashtra,5,2014,39,Beed,GEN,MUNDE GOPINATHRAO PANDURANG,M,GEN,66,BJP,1232390,1792652,68.75,18.9904059,75.7542291,orange
236,236,S13,Maharashtra,5,2014,40,Osmanabad,GEN,GAIKWAD RAVINDRA VISHWANATH,M,GEN,54,SHS,1119704,1759186,63.65,18.1853567,76.0420253,seagreen
237,237,S13,Maharashtra,5,2014,41,Latur ,SC,DR. SUNIL BALIRAM GAIKWAD,M,SC,43,BJP,1057579,1686957,62.69,18.3983393,76.562087,orange
238,238,S13,Maharashtra,5,2014,42,Solapur ,SC,SHARAD BANSODE,M,SC,46,BJP,951510,1702739,55.88,17.6715272,75.8975502,orange
239,239,S13,Maharashtra,5,2014,43,Madha,GEN,MOHITE PATIL VIJAYSINH SHANKARRAO,M,GEN,69,NCP,1080167,1727322,62.53,25.2844524,76.332977,peru
240,240,S13,Maharashtra,5,2014,44,Sangli,GEN,SANJAYKAKA PATIL,M,GEN,49,BJP,1047510,1649107,63.52,16.8502534,74.5948885,orange
241,241,S13,Maharashtra,5,2014,45,Satara,GEN,SHRIMANT CHH.  UDAYANRAJE PRATAPSINHA BHONSALE,M,GEN,48,NCP,976702,1719998,56.79,17.64154745,74.30566452,peru
242,242,S13,Maharashtra,5,2014,46,Ratnagiri - sindhudurg,GEN,VINAYAK BHAURAO RAUT,M,GEN,60,SHS,896409,1367362,65.56,16.64939,73.415354,seagreen
243,243,S13,Maharashtra,5,2014,47,Kolhapur,GEN,DHANANJAY BHIMRAO MAHADIK,M,GEN,42,NCP,1261018,1758293,71.72,16.4577537,74.10137948,peru
244,244,S14,Manipur,5,2014,2,Outer manipur,ST,THANGSO BAITE,M,ST,61,INC,773817,919009,84.2,20.9030639,86.2210976,black
245,245,S15,Meghalaya,5,2014,1,Shillong,ST,VINCENT H. PALA,M,ST,46,INC,620041,980740,63.22,25.5760154,91.8828027,black
246,246,S16,Mizoram,5,2014,1,MIZORAM,ST,C. L. RUALA,M,ST,78,INC,434962,702170,61.95,23.2146169,92.8687612,black
247,247,S17,Nagaland,5,2014,1,Nagaland,GEN,NEIPHIU RIO,M,ST,63,NPF,1039962,1182972,87.91,26.1630556,94.5884911,blue
248,248,S18,Odisha,5,2014,1,Bargarh,GEN,PRABHAS KUMAR SINGH,M,GEN,50,BJD,1126153,1430717,78.71,21.23283145,83.56068816,sienna
249,249,S18,Odisha,5,2014,2,Sundargarh ,ST,JUAL @ JUEL ORAM,M,ST,52,BJP,1010723,1410532,71.66,22.25,84.5,orange
250,250,S18,Odisha,5,2014,3,Sambalpur,GEN,NAGENDRA KUMAR PRADHAN,M,GEN,61,BJD,984697,1297098,75.92,21.4,83.883333,sienna
251,251,S18,Odisha,5,2014,4,Keonjhar ,ST,SAKUNTALA LAGURI,F,ST,34,BJD,1084571,1346683,80.54,21.5,85.5,sienna
252,252,S18,Odisha,5,2014,5,Mayurbhanj ,ST,RAMA CHANDRA HANSDAH,M,ST,49,BJD,1054555,1327555,79.44,21.75,86.5,sienna
253,253,S18,Odisha,5,2014,6,Balasore,GEN,RABINDRA KUMAR JENA,M,GEN,46,BJD,1049861,1366218,76.84,21.5017098,86.9216712,sienna
254,254,S18,Odisha,5,2014,7,Bhadrak ,SC,ARJUN CHARAN SETHI,M,SC,73,BJD,1081971,1469498,73.63,21.0633288,86.5053731,sienna
255,255,S18,Odisha,5,2014,8,Jajpur ,SC,RITA TARAI,F,SC,37,BJD,981780,1303733,75.31,20.8522696,86.3385714,sienna
256,256,S18,Odisha,5,2014,9,Dhenkanal,GEN,TATHAGATA SATPATHY,M,GEN,57,BJD,1042111,1363471,76.43,20.75,85.5,sienna
257,257,S18,Odisha,5,2014,10,Bolangir,GEN,KALIKESH NARAYAN SINGH DEO,M,GEN,39,BJD,1170961,1563025,74.92,20.3575202,83.27189643,sienna
258,258,S18,Odisha,5,2014,11,Kalahandi,GEN,ARKA KESHARI DEO,M,GEN,35,BJD,1117831,1474135,75.83,19.75,83,sienna
259,259,S18,Odisha,5,2014,12,Nabarangpur ,ST,BALABHADRA MAJHI,M,ST,53,BJD,1022187,1297210,78.8,19.22426,82.56607,sienna
260,260,S18,Odisha,5,2014,13,Kandhamal,GEN,HEMENDRA CHANDRA SINGH,M,GEN,46,BJD,839796,1143602,73.43,20.1289532,84.07210248,sienna
261,261,S18,Odisha,5,2014,14,Cuttack,GEN,BHARTRUHARI MAHATAB,M,GEN,56,BJD,980556,1371617,71.49,20.4686,85.8792,sienna
262,262,S18,Odisha,5,2014,15,Kendrapara ,GEN,BAIJAYANT PANDA,M,GEN,50,BJD,1137607,1555444,73.14,20.5042089,86.4159937,sienna
263,263,S18,Odisha,5,2014,16,Jagatsinghpur ,SC,KULAMANI SAMAL,M,SC,65,BJD,1132868,1499673,75.54,20.2593872,86.1660878,sienna
264,264,S18,Odisha,5,2014,17,Puri,GEN,PINAKI MISRA,M,GEN,54,BJD,1039487,1404581,74.01,19.8076083,85.8252538,sienna
265,265,S18,Odisha,5,2014,18,Bhubaneswar,GEN,PRASANNA KUMAR PATASANI,M,GEN,71,BJD,891958,1527768,58.38,20.2665668,85.8437586,sienna
266,266,S18,Odisha,5,2014,19,Aska,GEN,LADU KISHORE SWAIN,M,GEN,66,BJD,896461,1408780,63.63,19.60609,84.6724892,sienna
267,267,S18,Odisha,5,2014,20,Berhampur,GEN,SIDHANT MOHAPATRA,M,GEN,47,BJD,905933,1334268,67.9,19.29567175,84.88094839,sienna
268,268,S18,Odisha,5,2014,21,Koraput ,ST,JHINA HIKAKA,M,ST,39,BJD,990657,1300437,76.18,19,83,sienna
269,269,S19,Punjab,5,2014,1,Gurdaspur,GEN,VINOD KHANNA,M,GEN,68,BJP,1042748,1500337,69.5,32.166667,75.316667,orange
270,270,S19,Punjab,5,2014,2,Amritsar,GEN,CAPTAIN AMARINDER SINGH,M,GEN,72,INC,1007286,1477262,68.19,31.6343083,74.8736788,black
271,271,S19,Punjab,5,2014,3,Khadoor Sahib,GEN,RANJIT SINGH BRAHMPURA,M,GEN,76,SAD,1040622,1563409,66.56,31.4241739,75.0982026,crimson
272,272,S19,Punjab,5,2014,4,Jalandhar,SC,SANTOKH SINGH CHAUDHARY,M,SC,67,INC,1040778,1551497,67.08,31.3323762,75.576889,black
273,273,S19,Punjab,5,2014,5,Hoshiarpur,SC,VIJAY SAMPLA,M,SC,52,BJP,961562,1485286,64.74,31.5328523,75.9025485,orange
274,274,S19,Punjab,5,2014,6,Anandpur Sahib,GEN,PREM SINGH CHANDUMAJRA,M,GEN,64,SAD,1087487,1564721,69.5,31.2346773,76.4973104,crimson
275,275,S19,Punjab,5,2014,7,Ludhiana,GEN,RAVNEET SINGH BITTU,M,GEN,38,INC,1101967,1561201,70.58,30.9090157,75.851601,black
276,276,S19,Punjab,5,2014,8,Fatehgarh Sahib,SC,HARINDER SINGH KHALSA,M,SC,67,AAAP,1031030,1396957,73.81,30.6466737,76.3887563,skyblue
277,277,S19,Punjab,5,2014,9,Faridkot,SC,PROF. SADHU SINGH,M,SC,72,AAAP,1032345,1455075,70.95,30.6729772,74.7517033,skyblue
278,278,S19,Punjab,5,2014,10,Firozpur,GEN,SHER SINGH GHUBAYA,M,SC,51,SAD,1105648,1522111,72.64,30.333333,74.416667,crimson
279,279,S19,Punjab,5,2014,11,Bathinda,GEN,HARSIMRAT KAUR BADAL,F,GEN,47,SAD,1176977,1525289,77.16,30.2081076,74.9485371,crimson
280,280,S19,Punjab,5,2014,12,Sangrur,GEN,BHAGWANT MANN,M,GEN,40,AAAP,1100056,1424743,77.21,30,76.25,skyblue
281,281,S19,Punjab,5,2014,13,Patiala,GEN,DR. DHARAM VIRA GANDHI,M,GEN,63,AAAP,1120990,1580273,70.94,30.12094725,75.7624629,skyblue
282,282,S20,Rajasthan,5,2014,1,Ganganagar,SC,NIHALCHAND,M,SC,43,BJP,1257361,1718414,73.17,29.5,74,orange
283,283,S20,Rajasthan,5,2014,2,Bikaner,SC,ARJUN RAM MEGHWAL ,M,SC,60,BJP,930766,1592355,58.45,28.0159286,73.3171367,orange
284,284,S20,Rajasthan,5,2014,3,Churu,GEN,RAHUL KASWAN ,M,GEN,37,BJP,1131930,1753825,64.54,28.5,74.5,orange
285,285,S20,Rajasthan,5,2014,4,Jhunjhunu,GEN,SANTOSH AHLAWAT,F,GEN,57,BJP,1008641,1697470,59.42,28.1287995,75.3992581,orange
286,286,S20,Rajasthan,5,2014,5,Sikar,GEN,SUMEDHANAND SARASWATI ,M,GEN,62,BJP,1067462,1769882,60.31,27.583333,75.166667,orange
287,287,S20,Rajasthan,5,2014,6,Jaipur Rural,GEN,RAJYAVARDHAN SINGH RATHORE ,M,GEN,44,BJP,1016230,1700307,59.77,26.916194,75.820349,orange
288,288,S20,Rajasthan,5,2014,7,Jaipur,GEN,RAMCHARAN BOHARA,M,GEN,56,BJP,1298952,1957820,66.35,26.916194,75.820349,orange
289,289,S20,Rajasthan,5,2014,8,Alwar,GEN,CHAND NATH,M,GEN,58,BJP,1063043,1626442,65.36,27.5,76.5,orange
290,290,S20,Rajasthan,5,2014,9,BHARATPUR,SC,BAHADUR SINGH KOLI,M,SC,56,BJP,963675,1690705,57,27.680672,84.430817,orange
291,291,S20,Rajasthan,5,2014,11,Dausa,ST,HARISH CHANDRA MEENA ,M,ST,59,BJP,930921,1524100,61.08,26.7852278,76.40786794,orange
292,292,S20,Rajasthan,5,2014,12,TONK-SAWAI MADHOPUR,GEN,SUKHBIR SINGH JAUNAPURIA ,M,GEN,56,BJP,1043925,1710775,61.02,26.0188919,76.3522441,orange
293,293,S20,Rajasthan,5,2014,13,Ajmer,GEN,SANWAR LAL JAT ,M,GEN,59,BJP,1156867,1683261,68.73,26.4691,74.639,orange
294,294,S20,Rajasthan,5,2014,14,Nagaur,GEN,C R CHOUDHARY,M,GEN,66,BJP,1005523,1678660,59.9,27.0237969,74.2037201,orange
295,295,S20,Rajasthan,5,2014,15,Pali,GEN,P P CHAUDHARY,M,GEN,60,BJP,1097253,1902094,57.69,25.75,73.5,orange
296,296,S20,Rajasthan,5,2014,16,Jodhpur,GEN,GAJENDRASINGH SHEKHAWAT ,M,GEN,48,BJP,1079798,1727791,62.5,26.2967719,73.0351433,orange
297,297,S20,Rajasthan,5,2014,17,Barmer,GEN,COL. SONA RAM,M,GEN,73,BJP,1219174,1680152,72.56,25.75,71.5,orange
298,298,S20,Rajasthan,5,2014,18,Jalore,GEN,DEVJI PATEL ,M,GEN,37,BJP,1088045,1824968,59.62,25.3476006,72.6260916,orange
299,299,S20,Rajasthan,5,2014,19,Udaipur,ST,ARJUNLAL MEENA ,M,ST,49,BJP,1193815,1817940,65.67,24.5787228,73.6862551,orange
300,300,S20,Rajasthan,5,2014,20,Banswara,ST,MANSHANKAR NINAMA ,M,ST,58,BJP,1171488,1698244,68.98,23.5,74.333333,orange
301,301,S20,Rajasthan,5,2014,21,Chittorgarh,GEN,CHANDRA PRAKASH JOSHI,M,GEN,38,BJP,1172997,1819506,64.47,24.8837157,74.6244155,orange
302,302,S20,Rajasthan,5,2014,22,Rajsamand,GEN,HARIOM SINGH RATHORE,M,GEN,56,BJP,983032,1701194,57.78,25.26789685,73.82681711,orange
303,303,S20,Rajasthan,5,2014,23,Bhilwara,GEN,SUBHASH BAHERIA,M,GEN,57,BJP,1104156,1754901,62.92,25.5,74.75,orange
304,304,S20,Rajasthan,5,2014,24,Kota,GEN,OM BIRLA ,M,GEN,51,BJP,1155972,1744539,66.26,25,76.5,orange
305,305,S20,Rajasthan,5,2014,25,JHALAWAR-BARAN,GEN,DUSHYANT SINGH,M,GEN,43,BJP,1146407,1669844,68.65,24.6972222,76.9305556,orange
306,306,S21,Sikkim,5,2014,1,Sikkim,GEN,PREM DAS RAI,M,GEN,59,SDF,310095,370770,83.64,27.601029,88.45413639,slateblue
307,307,S22,Tamil Nadu,5,2014,1,Thiruvallur ,SC,VENUGOPAL.P.(DR),M,SC,61,ADMK,1254440,1702833,73.67,13.1394358,79.9073038,slategray
308,308,S22,Tamil Nadu,5,2014,2,Chennai North,GEN,VENKATESH BABU .T.G,M,GEN,53,ADMK,910452,1422392,64.01,13.0801721,80.2838331,slategray
309,309,S22,Tamil Nadu,5,2014,3,Chennai South,GEN,DR. J. JAYAVARDHAN,M,GEN,26,ADMK,1085402,1795776,60.44,13.0801721,80.2838331,slategray
310,310,S22,Tamil Nadu,5,2014,4,Chennai central,GEN,S.R. VIJAYAKUMAR,M,GEN,40,ADMK,815229,1328038,61.39,13.0823593,80.2750788,slategray
311,311,S22,Tamil Nadu,5,2014,5,Sriperumbudur,GEN,"RAMACHANDRAN, K.N. THIRU",M,GEN,59,ADMK,1286651,1946503,66.1,12.9681487,79.9489593,slategray
312,312,S22,Tamil Nadu,5,2014,6,Kancheepuram ,SC,MARAGATHAM  K,F,SC,32,ADMK,1129849,1480123,76.33,12.637438,80.0459143,slategray
313,313,S22,Tamil Nadu,5,2014,7,Arakkonam,GEN,"HARI, G.",M,GEN,53,ADMK,1089771,1401813,77.74,13.0841402,79.6703816,slategray
314,314,S22,Tamil Nadu,5,2014,8,Vellore,GEN,"SENGUTTUVAN, B.",M,GEN,57,ADMK,975203,1312259,74.31,12.9071753,79.1309695,slategray
315,315,S22,Tamil Nadu,5,2014,9,Krishnagiri,GEN,ASHOK KUMAR.K,M,GEN,60,ADMK,1069343,1379957,77.49,12.5188835,78.2206536,slategray
316,316,S22,Tamil Nadu,5,2014,10,Dharmapuri,GEN,ANBUMANI RAMADOSS,M,GEN,45,PMK,1102703,1358273,81.18,12.1347988,78.1589864,slategrey
317,317,S22,Tamil Nadu,5,2014,11,Tiruvannamalai,GEN,VANAROJA R,F,GEN,55,ADMK,1068556,1352966,78.98,12.2343228,79.0761989,slategray
318,318,S22,Tamil Nadu,5,2014,12,Arani,GEN,V.ELUMALAI,M,GEN,58,ADMK,1096549,1369668,80.06,12.6677023,79.2852831,slategray
319,319,S22,Tamil Nadu,5,2014,13,Viluppuram,SC,RAJENDRAN S,M,SC,57,ADMK,1068122,1387007,77.01,11.9425887,79.4950625,slategray
320,320,S22,Tamil Nadu,5,2014,14,Kallakurichi,GEN,KAMARAJ. K,M,GEN,48,ADMK,1107506,1412499,78.41,10.0635491,79.1986461,slategray
321,321,S22,Tamil Nadu,5,2014,16,Namakkal,GEN,SUNDARAM P.R,M,GEN,62,ADMK,1060024,1329552,79.73,11.2191692,78.16787,slategray
322,322,S22,Tamil Nadu,5,2014,17,Erode,GEN,SELVAKUMARA CHINNAYAN S,M,GEN,55,ADMK,1009458,1321399,76.39,11.3306483,77.7276519,slategray
323,323,S22,Tamil Nadu,5,2014,18,Tiruppur,GEN,V.SATHYABAMA,F,GEN,42,ADMK,1050722,1375589,76.38,11.1017815,77.345192,slategray
324,324,S22,Tamil Nadu,5,2014,19,Nilgiris ,SC,"GOPALAKRISHNAN, C.",M,SC,52,ADMK,933493,1269173,73.55,11.4,76.7,slategray
325,325,S22,Tamil Nadu,5,2014,20,Coimbatore,GEN,"NAGARAJAN, P.",M,GEN,52,ADMK,1176627,1720221,68.4,11.0018115,76.9628425,slategray
326,326,S22,Tamil Nadu,5,2014,21,Pollachi,GEN,MAHENDRAN.C,M,GEN,42,ADMK,1012752,1381505,73.31,10.6588234,77.00873,slategray
327,327,S22,Tamil Nadu,5,2014,22,Dindigul,GEN,UDHAYA KUMAR .M,M,GEN,45,ADMK,1083689,1400531,77.38,10.3655408,77.9695854,slategray
328,328,S22,Tamil Nadu,5,2014,23,Karur,GEN,"THAMBIDURAI,M.",M,GEN,67,ADMK,1047054,1298322,80.65,10.9604046,78.077561,slategray
329,329,S22,Tamil Nadu,5,2014,24,Tiruchirappalli,GEN,KUMAR.P,M,GEN,42,ADMK,988808,1387140,71.28,10.804973,78.686904,slategray
330,330,S22,Tamil Nadu,5,2014,25,Perambalur,GEN,"MARUTHARAJAA, R.P.",M,GEN,51,ADMK,1031666,1285576,80.25,11.2359165,78.868811,slategray
331,331,S22,Tamil Nadu,5,2014,26,Cuddalore ,GEN,ARUNMOZHITHEVAN.A,M,GEN,45,ADMK,985127,1247908,78.94,11.74269375,79.75030644,slategray
332,332,S22,Tamil Nadu,5,2014,27,Chidambaram ,SC,"CHANDRAKASI, M",M,SC,45,ADMK,1088842,1366190,79.7,11.3994826,79.6909383,slategray
333,333,S22,Tamil Nadu,5,2014,28,Mayiladuthurai,GEN,BHARATHI MOHAN R.K,M,GEN,47,ADMK,1026581,1350318,76.03,11.1018614,79.6503162,slategray
334,334,S22,Tamil Nadu,5,2014,29,Nagapattinam ,SC,GOPAL. DR. K,M,SC,54,ADMK,942568,1210626,77.86,10.7647952,79.8430779,slategray
335,335,S22,Tamil Nadu,5,2014,30,Thanjavur,GEN,PARASURAMAN.K,M,GEN,53,ADMK,1012666,1340050,75.57,10.7860267,79.1381497,slategray
336,336,S22,Tamil Nadu,5,2014,31,Sivaganga,GEN,SENTHILNATHAN PR,M,GEN,46,ADMK,1027473,1412373,72.75,9.8486881,78.4870461,slategray
337,337,S22,Tamil Nadu,5,2014,32,Madurai,GEN,R.GOPALAKRISHNAN,M,GEN,45,ADMK,976385,1441434,67.74,9.9261153,78.1140983,slategray
338,338,S22,Tamil Nadu,5,2014,33,Theni ,GEN,"PARTHIPAN, R.",M,GEN,50,ADMK,1076690,1441302,74.7,10.0108143,77.4810104,slategray
339,339,S22,Tamil Nadu,5,2014,34,Virudhunagar,GEN,RADHAKRISHNAN T,M,GEN,59,ADMK,1011713,1350495,74.91,9.5822396,77.9536831,slategray
340,340,S22,Tamil Nadu,5,2014,35,Ramanathapuram,GEN,ANWAR RAAJHAA. A ,M,GEN,65,ADMK,1001248,1455988,68.77,9.3652354,78.8343193,slategray
341,341,S22,Tamil Nadu,5,2014,37,Tenkasi ,SC,VASANTHI.M,F,SC,52,ADMK,1019436,1382081,73.76,8.9560365,77.3058163,slategray
342,342,S22,Tamil Nadu,5,2014,38,Tirunelveli,GEN,PRABAKARAN.K.R.P,M,GEN,33,ADMK,962647,1420435,67.77,8.7295261,77.6852354,slategray
343,343,S22,Tamil Nadu,5,2014,39,Kanniyakumari,GEN,RADHAKRISHNAN P.,M,GEN,62,BJP,991162,1467796,67.53,8.0879641,77.5467414,orange
344,344,S23,Tripura,5,2014,1,Tripura West,GEN,SANKAR PRASAD DATTA,M,GEN,56,CPM,1075932,1248546,86.17,23.7750823,91.7025091,rosybrown
345,345,S23,Tripura,5,2014,2,Tripura East,ST,JITENDRA CHAUDHURY,M,ST,57,CPM,952775,1140276,83.56,23.7750823,91.7025091,rosybrown
346,346,S24,Uttar Pradesh,5,2014,1,Saharanpur,GEN,RAGHAV LAKHANPAL,M,GEN,39,BJP,1194649,1608833,74.26,29.9637438,77.5427464,orange
347,347,S24,Uttar Pradesh,5,2014,2,Kairana,GEN,HUKUM SINGH,M,GEN,75,BJP,1119747,1531767,73.1,29.394447,77.2052786,orange
348,348,S24,Uttar Pradesh,5,2014,3,Muzaffarnagar,GEN,(DR.) SANJEEV KUMAR BALYAN,M,GEN,41,BJP,1107765,1588475,69.74,29.44613615,77.57798011,orange
349,349,S24,Uttar Pradesh,5,2014,4,Bijnor,GEN,KUNWAR BHARTENDRA,M,GEN,50,BJP,1060410,1562081,67.88,29.416667,78.516667,orange
350,350,S24,Uttar Pradesh,5,2014,5,Nagina,SC,YASHWANT SINGH,M,SC,52,BJP,942625,1493419,63.12,27.9168443,76.9819764,orange
351,351,S24,Uttar Pradesh,5,2014,6,Moradabad,GEN,KUNWER SARVESH KUMAR,M,GEN,62,BJP,1128076,1771985,63.66,28.8334982,78.7732864,orange
352,352,S24,Uttar Pradesh,5,2014,7,Rampur,GEN,DR. NEPAL SINGH,M,GEN,74,BJP,958336,1616972,59.27,28.78157495,79.1646759,orange
353,353,S24,Uttar Pradesh,5,2014,8,Sambhal,GEN,SATYAPAL SINGH,M,GEN,40,BJP,1057104,1693229,62.43,28.585197,78.570932,orange
354,354,S24,Uttar Pradesh,5,2014,9,Amroha,GEN,KANWAR SINGH TANWAR,M,GEN,52,BJP,1095895,1544245,70.97,28.90662,78.4707309,orange
355,355,S24,Uttar Pradesh,5,2014,10,Meerut,GEN,RAJENDRA AGARWAL,M,GEN,64,BJP,1113671,1764388,63.12,28.9963296,77.7061915,orange
356,356,S24,Uttar Pradesh,5,2014,11,Baghpat,GEN,DR. SATYA PAL SINGH,M,GEN,58,BJP,1004766,1505175,66.75,29.0444987,77.25466329,orange
357,357,S24,Uttar Pradesh,5,2014,12,Ghaziabad,GEN,VIJAY KUMAR SINGH,M,GEN,62,BJP,1342471,2357553,56.94,28.666667,77.666667,orange
358,358,S24,Uttar Pradesh,5,2014,13,Gautam Buddha Nagar,GEN,DR.MAHESH  SHARMA,M,GEN,54,BJP,1199365,1986109,60.39,28.40870935,77.62779622,orange
359,359,S24,Uttar Pradesh,5,2014,14,Bulandshahr,SC,BHOLA SINGH,M,SC,38,BJP,1010198,1736436,58.18,28.416667,77.833333,orange
360,360,S24,Uttar Pradesh,5,2014,15,Aligarh,GEN,SATISH KUMAR,M,GEN,42,BJP,1064697,1793126,59.38,27.8815412,78.0690216,orange
361,361,S24,Uttar Pradesh,5,2014,16,Hathras,SC,RAJESH KUMAR DIWAKER,M,SC,43,BJP,1049289,1758927,59.66,27.6817107,78.25274964,orange
362,362,S24,Uttar Pradesh,5,2014,17,Mathura,GEN,HEMA MALINI,F,GEN,65,BJP,1078331,1682260,64.1,27.4955539,77.6855554,orange
363,363,S24,Uttar Pradesh,5,2014,18,Agra,SC,DR. RAM SHANKAR KATHERIA,M,SC,49,BJP,1070405,1814739,58.98,27.1752554,78.0098161,orange
364,364,S24,Uttar Pradesh,5,2014,19,Fatehpur Sikri,GEN,BABULAL,M,GEN,66,BJP,968233,1580582,61.26,27.0911655,77.6623984,orange
365,365,S24,Uttar Pradesh,5,2014,20,Firozabad,GEN,AKSHAY YADAV,M,GEN,27,SP,1104647,1636738,67.49,27.1527986,78.3991439,lightslategray
366,366,S24,Uttar Pradesh,5,2014,21,Mainpuri,GEN,MULAYAM SINGH YADAV,M,GEN,74,SP,999427,1653058,60.46,27.166667,79,lightslategray
367,367,S24,Uttar Pradesh,5,2014,22,Etah,GEN,RAJVEER SINGH (RAJU BHAIYA),M,GEN,53,BJP,926283,1577457,58.72,27.5,78.75,orange
368,368,S24,Uttar Pradesh,5,2014,24,Aonla,GEN,DHARMENDRA KUMAR,M,GEN,49,BJP,995817,1653577,60.22,28.2729454,79.1626658,orange
369,369,S24,Uttar Pradesh,5,2014,25,Bareilly,GEN,SANTOSH KUMAR GANGWAR,M,GEN,64,BJP,1018100,1664081,61.18,28.3523609,79.4096542,orange
370,370,S24,Uttar Pradesh,5,2014,26,Pilibhit,GEN,MANEKA SANJAY GANDHI,F,GEN,57,BJP,1050568,1671154,62.86,28.55,80.1,orange
371,371,S24,Uttar Pradesh,5,2014,27,Shahjahanpur,SC,KRISHNA RAJ,F,SC,46,BJP,1130569,1979294,57.12,27.966043,79.77583723,orange
372,372,S24,Uttar Pradesh,5,2014,28,Kheri,GEN,AJAY KUMAR,M,GEN,55,BJP,1077881,1679466,64.18,28.116667,80.716667,orange
373,373,S24,Uttar Pradesh,5,2014,30,Sitapur,GEN,RAJESH VERMA,M,GEN,53,BJP,1026987,1550263,66.25,27.5,80.916667,orange
374,374,S24,Uttar Pradesh,5,2014,31,Hardoi,SC,ANSHUL VERMA,M,SC,39,BJP,972906,1714388,56.75,27.4164715,80.2473372,orange
375,375,S24,Uttar Pradesh,5,2014,32,Misrikh,SC,ANJU BALA,F,SC,34,BJP,998314,1725589,57.85,27.4324109,80.5305852,orange
376,376,S24,Uttar Pradesh,5,2014,33,Unnao,GEN,SAKSHI MAHARAJ,M,GEN,58,BJP,1201806,2164392,55.53,26.5,80.5,orange
377,377,S24,Uttar Pradesh,5,2014,34,Mohanlalganj,SC,KAUSHAL KISHORE,M,SC,53,BJP,1116658,1838194,60.75,26.680635,80.9830834,orange
378,378,S24,Uttar Pradesh,5,2014,35,Lucknow,GEN,RAJ NATH SINGH,M,GEN,62,BJP,1034698,1949956,53.06,26.8381,80.9346001,orange
379,379,S24,Uttar Pradesh,5,2014,36,Rae Bareli,GEN,SONIA GANDHI,F,GEN,67,INC,825142,1594954,51.73,26.25,81.25,black
380,380,S24,Uttar Pradesh,5,2014,37,Amethi,GEN,RAHUL GANDHI,M,GEN,43,INC,874872,1669843,52.39,26.1573163,81.8055055,black
381,381,S24,Uttar Pradesh,5,2014,38,Sultanpur,GEN,FEROZE VARUN GANDHI,M,GEN,34,BJP,965310,1703698,56.66,26.25,82,orange
382,382,S24,Uttar Pradesh,5,2014,39,Pratapgarh,GEN,KUWAR HARIVANSH SINGH,M,GEN,64,AD,894524,1716394,52.12,25.75,81.75,springgreen
383,383,S24,Uttar Pradesh,5,2014,40,Farrukhabad,GEN,MUKESH RAJPUT,M,GEN,45,BJP,970749,1613781,60.15,27.5,79.5,orange
384,384,S24,Uttar Pradesh,5,2014,41,Etawah,SC,ASHOK KUMAR DOHAREY,M,SC,43,BJP,939893,1707237,55.05,26.8063069,78.9969944,orange
385,385,S24,Uttar Pradesh,5,2014,42,Kannauj,GEN,DIMPLE YADAV,F,GEN,36,SP,1114576,1808886,61.62,27.0536345,79.9201719,lightslategray
386,386,S24,Uttar Pradesh,5,2014,43,Kanpur,GEN,DR.MURLI MANOHAR JOSHI,M,GEN,80,BJP,835125,1611248,51.83,26.4609135,80.3217588,orange
387,387,S24,Uttar Pradesh,5,2014,44,Akbarpur,GEN,DEVENDRA SINGH @ BHOLE SINGH,M,GEN,60,BJP,971448,1768635,54.93,26.3832104,79.9488395,orange
388,388,S24,Uttar Pradesh,5,2014,45,Jalaun,SC,BHANU PRATAP SINGH VERMA,M,SC,55,BJP,1109197,1887189,58.78,26.11041245,79.3830779,orange
389,389,S24,Uttar Pradesh,5,2014,46,Jhansi,GEN,UMA BHARATI,F,GEN,55,BJP,1320867,1932052,68.37,25.4502464,78.5800085,orange
390,390,S24,Uttar Pradesh,5,2014,47,Hamirpur,GEN,KUNWAR PUSHPENDRA SINGH CHANDEL,M,GEN,40,BJP,977930,1737993,56.27,25.7875002,79.82354027,orange
391,391,S24,Uttar Pradesh,5,2014,49,Fatehpur,GEN,NIRANJAN JYOTI,F,GEN,47,BJP,1057192,1804753,58.58,25.75,80.75,orange
392,392,S24,Uttar Pradesh,5,2014,50,Kaushambi,SC,VINOD KUMAR SONKAR,M,SC,44,BJP,910514,1738509,52.37,25.54308595,81.44865954,orange
393,393,S24,Uttar Pradesh,5,2014,51,Phulpur,GEN,KESHAV PRASAD MAURYA,M,GEN,47,BJP,960419,1913275,50.2,24.9524549,90.3588311,orange
394,394,S24,Uttar Pradesh,5,2014,52,Allahabad,GEN,SHYAMA CHARAN GUPTA,M,GEN,69,BJP,891635,1666569,53.5,25.4381302,81.8338005,orange
395,395,S24,Uttar Pradesh,5,2014,53,Barabanki,SC,PRIYANKA SINGH RAWAT,F,SC,28,BJP,1068169,1721278,62.06,26.9469069,81.37599518,orange
396,396,S24,Uttar Pradesh,5,2014,55,Ambedkar Nagar,GEN,HARI OM PANDEY,M,GEN,58,BJP,1034435,1718774,60.18,26.4696747,82.84586421,orange
397,397,S24,Uttar Pradesh,5,2014,56,Bahraich,SC,SADHVI SAVITRI BAI FOOLE,F,SC,33,BJP,934330,1638640,57.02,27.75,81.75,orange
398,398,S24,Uttar Pradesh,5,2014,59,Gonda,GEN,KIRTI VARDHAN SINGH,M,GEN,48,BJP,873934,1710825,51.08,27.25,82,orange
399,399,S24,Uttar Pradesh,5,2014,61,Basti,GEN,HARISH CHANDRA  ALIAS  HARISH DWIVEDI,M,GEN,40,BJP,1048539,1787476,58.66,27.25,83,orange
400,400,S24,Uttar Pradesh,5,2014,62,Sant Kabir Nagar,GEN,SHARAD TRIPATHI,M,GEN,42,BJP,1012133,1904315,53.15,26.75664945,83.1362123,orange
401,401,S24,Uttar Pradesh,5,2014,63,Maharajganj,GEN,PANKAJ,M,GEN,44,BJP,1060241,1743131,60.82,27.55417975,82.96444241,orange
402,402,S24,Uttar Pradesh,5,2014,64,Gorakhpur,GEN,ADITYANATH,M,GEN,41,BJP,1040822,1903988,54.67,26.916667,83.25,orange
403,403,S24,Uttar Pradesh,5,2014,66,Deoria,GEN,KALRAJ MISHRA,M,GEN,73,BJP,972160,1806926,53.8,26.666667,83.75,orange
404,404,S24,Uttar Pradesh,5,2014,67,Bansgaon,SC,KAMLESH PASWAN,M,SC,38,BJP,877911,1760090,49.88,26.5403,83.2939,orange
405,405,S24,Uttar Pradesh,5,2014,68,Lalganj,SC,NEELAM SONKAR,F,SC,38,BJP,899548,1661470,54.14,25.8698771,85.1754392,orange
406,406,S24,Uttar Pradesh,5,2014,69,Azamgarh,GEN,MULAYAM SINGH YADAV,M,GEN,74,SP,960600,1703121,56.4,26,83,lightslategray
407,407,S24,Uttar Pradesh,5,2014,70,Ghosi,GEN,HARINARAYAN RAJBHAR,M,GEN,73,BJP,1039830,1891112,54.99,25.1631,85.0761,orange
408,408,S24,Uttar Pradesh,5,2014,71,Salempur,GEN,RAVINDRA KUSHAWAHA,M,GEN,50,BJP,855776,1661737,51.5,26.90175685,85.55890358,orange
409,409,S24,Uttar Pradesh,5,2014,72,Ballia,GEN,BHARAT SINGH,M,GEN,62,BJP,942275,1768271,53.29,25.833333,84.166667,orange
410,410,S24,Uttar Pradesh,5,2014,73,Jaunpur,GEN,KRISHNA PRATAP ''''''''K.P.'''''''',M,GEN,37,BJP,1007235,1848842,54.48,25.7472,82.689,orange
411,411,S24,Uttar Pradesh,5,2014,74,Machhlishahr,SC,RAM CHARITRA NISHAD,M,SC,46,BJP,997913,1891969,52.74,25.6854524,82.4102365,orange
412,412,S24,Uttar Pradesh,5,2014,75,Ghazipur,GEN,MANOJ SINHA,M,GEN,55,BJP,986715,1801519,54.77,25.5,83.5,orange
413,413,S24,Uttar Pradesh,5,2014,76,Chandauli,GEN,DR MAHENDRA NATH PANDEY,M,GEN,57,BJP,980654,1593133,61.56,25.1251732,83.23951459,orange
414,414,S24,Uttar Pradesh,5,2014,77,Varanasi,GEN,NARENDRA MODI,M,GEN,63,BJP,1030812,1766487,58.35,25.3356491,83.0076292,orange
415,415,S24,Uttar Pradesh,5,2014,78,Bhadohi,GEN,VIRENDRA SINGH,M,GEN,57,BJP,982154,1834598,53.54,25.3941093,82.5701465,orange
416,416,S24,Uttar Pradesh,5,2014,79,Mirzapur,GEN,ANUPRIYA SINGH PATEL,F,GEN,33,AD,1007646,1720661,58.56,25.1461346,82.5689952,springgreen
417,417,S24,Uttar Pradesh,5,2014,80,Robertsganj,SC,CHHOTELAL,M,SC,41,BJP,885876,1639074,54.05,24.6897879,83.0653136,orange
418,418,S25,West Bengal,5,2014,1,Cooch behar,SC,RENUKA SINHA,F,SC,65,AITC,1332968,1613403,82.62,26.33304975,89.4707733,steelblue
419,419,S25,West Bengal,5,2014,3,Jalpaiguri,SC,BIJOY CHANDRA BARMAN,M,SC,57,AITC,1304280,1531469,85.17,26.5242688,88.7201082,steelblue
420,420,S25,West Bengal,5,2014,4,Darjeeling,GEN,S.S.AHLUWALIA,M,GEN,63,BJP,1142696,1437154,79.51,26.6821128,88.32906871,orange
421,421,S25,West Bengal,5,2014,5,Raiganj,GEN,MD. SALIM,M,GEN,56,CPM,1108503,1387526,79.89,25.6271966,88.1317967,rosybrown
422,422,S25,West Bengal,5,2014,6,Balurghat,GEN,ARPITA GHOSH,F,GEN,47,AITC,1063404,1254497,84.77,25.26213425,88.79618348,steelblue
423,423,S25,West Bengal,5,2014,9,Jangipur,GEN,ABHIJIT MUKHERJEE,M,GEN,54,INC,1119320,1391656,80.43,24.4561534,88.1073968,black
424,424,S25,West Bengal,5,2014,10,Baharampur,GEN,ADHIR RANJAN CHOWDHURY,M,GEN,58,INC,1154702,1453783,79.43,24.3795759,88.58557279,black
425,425,S25,West Bengal,5,2014,11,Murshidabad,GEN,BADARUDDOZA KHAN,M,GEN,60,CPM,1288578,1512098,85.22,24.1745993,88.2721335,rosybrown
426,426,S25,West Bengal,5,2014,12,Krishnanagar,GEN,TAPAS PAUL,M,GEN,57,AITC,1248695,1476783,84.56,23.4058481,88.4958935,steelblue
427,427,S25,West Bengal,5,2014,13,Ranaghat,SC,TAPAS MANDAL,M,SC,42,AITC,1353623,1602849,84.45,23.1738124,88.563677,steelblue
428,428,S25,West Bengal,5,2014,14,Bangaon,SC,KAPIL KRISHNA THAKUR,M,SC,73,AITC,1284297,1540713,83.36,23.0429719,88.8313366,steelblue
429,429,S25,West Bengal,5,2014,15,Barrackpore,GEN,DINESH TRIVEDI,M,GEN,63,AITC,1052600,1287222,81.77,22.7641623,88.3776088,steelblue
430,430,S25,West Bengal,5,2014,17,Barasat,GEN,DR. KAKALI GHOSHDOSTIDAR,F,GEN,55,AITC,1270164,1512792,83.96,22.7176238,88.4889529,steelblue
431,431,S25,West Bengal,5,2014,18,Basirhat,GEN,IDRIS ALI,M,GEN,64,AITC,1274085,1490596,85.47,22.6685224,88.8696693,steelblue
432,432,S25,West Bengal,5,2014,19,Joynagar,SC,PRATIMA MONDAL,F,SC,48,AITC,1189153,1458724,81.52,22.8552967,89.1145704,steelblue
433,433,S25,West Bengal,5,2014,20,Mathurapur,SC,CHOUDHURY MOHAN JATUA,M,SC,75,AITC,1271208,1488785,85.39,24.9261781,84.1771173,steelblue
434,434,S25,West Bengal,5,2014,21,Diamond harbour,GEN,ABHISHEK BANERJEE,M,GEN,26,AITC,1261328,1555914,81.07,22.1910091,88.1904741,steelblue
435,435,S25,West Bengal,5,2014,22,Jadavpur,GEN,SUGATA BOSE,M,GEN,57,AITC,1274723,1595746,79.88,22.4951079,88.3749813,steelblue
436,436,S25,West Bengal,5,2014,23,Kolkata Dakshin,GEN,SUBRATA BAKSHI,M,GEN,64,AITC,1168467,1685296,69.33,22.2250335,88.4496471,steelblue
437,437,S25,West Bengal,5,2014,24,Kolkata Uttar,GEN,SUDIP BANDYOPADHYAY,M,GEN,62,AITC,956148,1433985,66.68,22.660239,88.323984,steelblue
438,438,S25,West Bengal,5,2014,25,Howrah,GEN,PRASUN BANERJEE,M,GEN,59,AITC,1125728,1505099,74.79,22.4914615,88.02928966,steelblue
439,439,S25,West Bengal,5,2014,26,Uluberia,GEN,SULTAN AHMED,M,GEN,58,AITC,1187174,1448632,81.95,22.4723552,88.0932373,steelblue
440,440,S25,West Bengal,5,2014,28,Hooghly,GEN,DR. RATNA DE (NAG),F,GEN,62,AITC,1350939,1630042,82.88,24.5109942,88.074211,steelblue
441,441,S25,West Bengal,5,2014,29,Arambagh,SC,APARUPA PODDAR (AFRIN ALI),F,SC,28,AITC,1362848,1600293,85.16,22.876448,87.790956,steelblue
442,442,S25,West Bengal,5,2014,30,Tamluk,GEN,ADHIKARI SUVENDU,M,GEN,44,AITC,1338336,1527273,87.63,22.2896984,87.9255933,steelblue
443,443,S25,West Bengal,5,2014,31,Kanthi,GEN,ADHIKARI SISIR KUMAR,M,GEN,74,AITC,1292373,1490409,86.71,22.7712204,81.6141839,steelblue
444,444,S25,West Bengal,5,2014,32,Ghatal,GEN,ADHIKARI DEEPAK (DEV),M,GEN,32,AITC,1367637,1610489,84.92,22.6601338,87.7338144,steelblue
445,445,S25,West Bengal,5,2014,33,Jhargram,ST,UMA SAREN,F,ST,29,AITC,1257645,1475112,85.26,22.4529432,86.9926571,steelblue
446,446,S25,West Bengal,5,2014,34,Medinipur,GEN,SANDHYA ROY,F,GEN,73,AITC,1263095,1499673,84.22,22.4207025,87.3269963,steelblue
447,447,S25,West Bengal,5,2014,35,Purulia,GEN,DR. MRIGANKA MAHATO,M,GEN,51,AITC,1206653,1471933,81.98,23.032189,89.5911025,steelblue
448,448,S25,West Bengal,5,2014,36,Bankura,GEN,SREEMATI  DEV VARMA (MOON MOON SEN),F,GEN,60,AITC,1236613,1503812,82.23,23.25,87.25,steelblue
449,449,S25,West Bengal,5,2014,37,Bishnupur,SC,KHAN SAUMITRA,M,SC,34,AITC,1272099,1466921,86.72,23.0758821,87.3146517,steelblue
450,450,S25,West Bengal,5,2014,40,Asansol,GEN,BABUL SUPRIYA BARAL (BABUL SUPRIYO),M,GEN,43,BJP,1142786,1469684,77.76,23.6871297,86.9746587,orange
451,451,S25,West Bengal,5,2014,41,Bolpur,SC,ANUPAM HAZRA,M,SC,32,AITC,1305063,1538421,84.83,23.661154,87.6962424,steelblue
452,452,S25,West Bengal,5,2014,42,Birbhum,GEN,SATABDI ROY,F,GEN,45,AITC,1275948,1495089,85.34,24.062774,87.69081893,steelblue
453,453,S26,Chattisgarh,5,2014,2,RAIGARH,ST,VISHNU DEO SAI,M,ST,50,BJP,1246219,1626949,76.6,22.5,83.5,orange
454,454,S26,Chattisgarh,5,2014,4,KORBA,GEN,DR. BANSHILAL MAHTO,M,GEN,73,BJP,1052839,1423729,73.95,22.51976955,82.62951462,orange
455,455,S26,Chattisgarh,5,2014,5,BILASPUR,GEN,LAKHAN LAL SAHU,M,GEN,43,BJP,1090583,1729229,63.07,22.0785627,82.1476475,orange
456,456,S26,Chattisgarh,5,2014,6,RAJNANDGAON,GEN,ABHISHEK SINGH,M,GEN,33,BJP,1178305,1591373,74.04,20.9714688,80.69087671,orange
457,457,S26,Chattisgarh,5,2014,7,DURG,GEN,TAMRADHWAJ SAHU,M,GEN,65,INC,1259142,1858922,67.74,21.2009417,81.39432418,black
458,458,S26,Chattisgarh,5,2014,8,RAIPUR,GEN,RAMESH BAIS,M,GEN,66,BJP,1250872,1904460,65.68,20.82071695,82.1229769,orange
459,459,S26,Chattisgarh,5,2014,9,MAHASAMUND,GEN,CHANDU LAL SAHU (CHANDU BHAIYA),M,GEN,54,BJP,1131254,1516177,74.61,21.27497955,82.84534524,orange
460,460,S26,Chattisgarh,5,2014,10,BASTAR,ST,DINESH KASHYAP,M,ST,51,BJP,769972,1298083,59.32,19.25,81.25,orange
461,461,S26,Chattisgarh,5,2014,11,KANKER,ST,VIKRAM  USENDI,M,ST,48,BJP,1017080,1448375,70.22,20.11601885,80.75973012,orange
462,462,S27,Jharkhand,5,2014,1,Rajmahal,ST,VIJAY KUMAR HANSDAK,M,ST,31,JMM,951755,1353467,70.32,25.0548239,87.8283219,tan
463,463,S27,Jharkhand,5,2014,2,Dumka,ST,SHIBU SOREN,M,ST,68,JMM,903062,1273049,70.94,24.2696496,87.2497712,tan
464,464,S27,Jharkhand,5,2014,3,Godda,GEN,NISHIKANT DUBEY,M,GEN,42,BJP,1049642,1590772,65.98,24.8286181,87.2109632,orange
465,465,S27,Jharkhand,5,2014,4,Chatra,GEN,SUNIL KUMAR SINGH,M,GEN,52,BJP,712980,1312562,54.32,24.1067061,84.8616604,orange
466,466,S27,Jharkhand,5,2014,5,Kodarma,GEN,RAVINDRA KR. RAY,M,GEN,50,BJP,1024939,1639645,62.51,24.4599472,85.49517168,orange
467,467,S27,Jharkhand,5,2014,6,Giridih,GEN,RAVINDRA KUMAR PANDEY,M,GEN,55,BJP,971242,1511644,64.25,24.25,85.916667,orange
468,468,S27,Jharkhand,5,2014,7,Dhanbad,GEN,PASHUPATI NATH SINGH,M,GEN,65,BJP,1143945,1890021,60.53,23.7952809,86.4309638,orange
469,469,S27,Jharkhand,5,2014,8,Ranchi,GEN,RAM TAHAL CHOUDHARY,M,GEN,72,BJP,1049787,1648459,63.68,23.3700354,85.3250132,orange
470,470,S27,Jharkhand,5,2014,9,Jamshedpur,GEN,BIDYUT BARAN MAHATO,M,GEN,51,BJP,1049164,1581665,66.33,22.8015194,86.2029579,orange
471,471,S27,Jharkhand,5,2014,10,Singhbhum,ST,LAXMAN GILUWA,M,ST,52,BJP,795352,1152632,69,22.5,85.5,orange
472,472,S27,Jharkhand,5,2014,11,Khunti,ST,KARIA MUNDA,M,ST,77,BJP,737611,1111856,66.34,23.0770961,85.2800459,orange
473,473,S27,Jharkhand,5,2014,12,Lohardaga,ST,SUDARSHAN BHAGAT,M,ST,45,BJP,651639,1119144,58.23,23.4313007,84.6783925,orange
474,474,S27,Jharkhand,5,2014,13,Palamau,SC,VISHNU DAYAL RAM,M,SC,62,BJP,978159,1645957,59.43,23.68172835,84.13918442,orange
475,475,S27,Jharkhand,5,2014,14,Hazaribagh,GEN,JAYANT SINHA,M,GEN,50,BJP,967348,1518923,63.69,23.8903906,85.31502017,orange
476,476,S28,Uttarakhand,5,2014,1,Tehri Garhwal,GEN,MALA RAJYA LAXMI SHAH,F,GEN,64,BJP,776945,1352614,57.44,30.5,78.666667,orange
477,477,S28,Uttarakhand,5,2014,2,Garhwal,GEN,(MAJ GEN (RETD.) ) BHUWAN CHANDRA KHANDURI (AVSM),M,GEN,79,BJP,684014,1267218,53.98,30.25,79.333333,orange
478,478,S28,Uttarakhand,5,2014,3,Almora,SC,AJAY TAMTA,M,SC,41,BJP,656934,1253541,52.41,29.6016827,79.6633829,orange
479,479,S28,Uttarakhand,5,2014,5,Hardwar,GEN,RAMESH POKHRIYAL NISHANK,M,GEN,54,BJP,1175734,1642873,71.57,29.9384473,78.1452985,orange
480,480,U01,Andaman & Nicobar Islands,5,2014,1,Andaman & Nicobar Islands,GEN,BISHNU PADA RAY,M,GEN,64,BJP,190346,269360,70.67,10.2188344,92.5771329,orange
481,481,U02,Chandigarh,5,2014,1,CHANDIGARH,GEN,KIRRON KHER ,F,GEN,61,BJP,453462,615214,73.71,30.7194022,76.7646552,orange
482,482,U04,Daman & Diu,5,2014,1,Daman & diu,GEN,PATEL LALUBHAI BABUBHAI,M,GEN,58,BJP,87233,111827,78.01,20.42000485,72.8637629,orange
483,483,U05,NCT OF Delhi,5,2014,1,CHANDNI CHOWK                 ,GEN,DR. HARSH VARDHAN,M,GEN,59,BJP,982275,1447230,67.87,28.6562654,77.2299093,orange
484,484,U05,NCT OF Delhi,5,2014,2,NORTH EAST DELHI              ,GEN,MANOJ TIWARI,M,GEN,43,BJP,1317974,1957708,67.32,28.72379065,77.26361566,orange
485,485,U05,NCT OF Delhi,5,2014,3,EAST DELHI                    ,GEN,MAHEISH GIRRI,M,GEN,39,BJP,1196731,1829578,65.41,28.61976385,77.29806519,orange
486,486,U05,NCT OF Delhi,5,2014,4,NEW DELHI                     ,GEN,MEENAKASHI LEKHI,F,GEN,46,BJP,970169,1490147,65.11,28.6141793,77.2022662,orange
487,487,U05,NCT OF Delhi,5,2014,5,NORTH WEST DELHI              ,SC ,UDIT RAJ,M,SC,56,BJP,1356404,2194343,61.81,28.6141793,77.2022662,orange
488,488,U05,NCT OF Delhi,5,2014,6,WEST DELHI                    ,GEN,PARVESH SAHIB SINGH VERMA,M,GEN,36,BJP,1348744,2039410,66.13,28.6479519,77.08556541,orange
489,489,U05,NCT OF Delhi,5,2014,7,SOUTH DELHI                   ,GEN,RAMESH BIDHURI,M,GEN,52,BJP,1102849,1752748,62.92,28.48555995,77.19446505,orange
490,490,U06,Lakshadweep,5,2014,1,Lakshadweep,ST,MOHAMMED FAIZAL P.P.,M,ST,38,NCP,43242,49922,86.62,10.565685,72.640639,peru
491,491,U07,Puducherry,5,2014,1,Puducherry,GEN,R. RADHAKRISHNAN,M,GEN,42,AINRC,740053,901357,82.1,11.9340568,79.8306447,teal
